[
    {
        "__comment": "BCD"
    },
    {
        "relation": [
            "delegate_permission/common.handle_all_urls"
        ],
        "target": {
            "namespace": "android_app",
            "package_name": "com.safra.safrawallet",
            "sha256_cert_fingerprints": [
                "19:D1:DD:2F:03:93:FB:47:8F:6F:72:B0:7B:81:2B:6E:4B:DF:15:42:8F:29:39:44:38:04:4F:BC:17:9F:78:27"
            ]
        }
    },
    {
        "relation": [
            "delegate_permission/common.handle_all_urls"
        ],
        "target": {
            "namespace": "android_app",
            "package_name": "com.safra.safrawallet.hml",
            "sha256_cert_fingerprints": [
                "19:D1:DD:2F:03:93:FB:47:8F:6F:72:B0:7B:81:2B:6E:4B:DF:15:42:8F:29:39:44:38:04:4F:BC:17:9F:78:27"
            ]
        }
    },
    {
        "relation": [
            "delegate_permission/common.handle_all_urls"
        ],
        "target": {
            "namespace": "android_app",
            "package_name": "com.safra.safrawallet.hml2",
            "sha256_cert_fingerprints": [
                "19:D1:DD:2F:03:93:FB:47:8F:6F:72:B0:7B:81:2B:6E:4B:DF:15:42:8F:29:39:44:38:04:4F:BC:17:9F:78:27"
            ]
        }
    },
    {
        "relation": [
            "delegate_permission/common.handle_all_urls"
        ],
        "target": {
            "namespace": "android_app",
            "package_name": "com.safra.safrawallet.ti",
            "sha256_cert_fingerprints": [
                "19:D1:DD:2F:03:93:FB:47:8F:6F:72:B0:7B:81:2B:6E:4B:DF:15:42:8F:29:39:44:38:04:4F:BC:17:9F:78:27"
            ]
        }
    },
    {
        "relation": [
            "delegate_permission/common.handle_all_urls"
        ],
        "target": {
            "namespace": "android_app",
            "package_name": "com.safra.safrawallet",
            "sha256_cert_fingerprints": [
                "93:F6:0A:B2:2B:16:7A:8A:84:4F:36:40:05:E2:3C:A4:CE:65:8C:9A:17:ED:17:6C:09:AD:D2:3D:28:06:24:91"
            ]
        }
    },
    {
        "relation": [
            "delegate_permission/common.handle_all_urls"
        ],
        "target": {
            "namespace": "android_app",
            "package_name": "com.safra.safrawallet.hml",
            "sha256_cert_fingerprints": [
                "93:F6:0A:B2:2B:16:7A:8A:84:4F:36:40:05:E2:3C:A4:CE:65:8C:9A:17:ED:17:6C:09:AD:D2:3D:28:06:24:91"
            ]
        }
    },
    {
        "relation": [
            "delegate_permission/common.handle_all_urls"
        ],
        "target": {
            "namespace": "android_app",
            "package_name": "com.safra.safrawallet.hml2",
            "sha256_cert_fingerprints": [
                "93:F6:0A:B2:2B:16:7A:8A:84:4F:36:40:05:E2:3C:A4:CE:65:8C:9A:17:ED:17:6C:09:AD:D2:3D:28:06:24:91"
            ]
        }
    },
    {
        "relation": [
            "delegate_permission/common.handle_all_urls"
        ],
        "target": {
            "namespace": "android_app",
            "package_name": "com.safra.safrawallet.ti",
            "sha256_cert_fingerprints": [
                "93:F6:0A:B2:2B:16:7A:8A:84:4F:36:40:05:E2:3C:A4:CE:65:8C:9A:17:ED:17:6C:09:AD:D2:3D:28:06:24:91"
            ]
        }
    }
]